code,longitude,latitude,address,in_clust,elev,sidonm
2,128.3066,38.435,강원도 고성군 수동면 고미성리,1,611.7,강원특별자치도
3,128.4066,38.435,강원도 고성군 거진읍 송강리,1,54.5,강원특별자치도
4,127.3064,38.335,강원도 철원군 동송읍 이길리,1,574.9,강원특별자치도
5,127.4065,38.335,강원도 철원군 근북면 율목리,1,291.9,강원특별자치도
7,127.6065,38.335,강원도 철원군 원남면 죽대리,1,409.3,강원특별자치도
8,127.7065,38.335,강원도 철원군 원동면 세현리,1,214.6,강원특별자치도
9,127.8065,38.335,강원도 철원군 원동면 등대리,1,442,강원특별자치도
12,128.3066,38.335,강원도 고성군 수동면 상원리,1,1074.2,강원특별자치도
13,128.4066,38.335,강원도 고성군 간성읍 어천리,1,453.2,강원특별자치도
14,128.5066,38.335,강원도 고성군 죽왕면 오봉리,1,5.1,강원특별자치도
15,128.6066,38.335,강원도 고성군 죽왕면 문암진리,1,-394.7,강원특별자치도
17,127.1064,38.235,경기도 연천군 신서면 마전리,1,241.3,경기도
18,127.2064,38.235,강원도 철원군 철원읍 화지리,1,219.9,강원특별자치도
19,127.3064,38.235,강원도 철원군 갈말읍 동막리,1,222.4,강원특별자치도
22,127.6065,38.235,강원도 화천군 상서면 마현리,1,513.8,강원특별자치도
23,127.7065,38.235,강원도 화천군 상서면 산양리,1,469,강원특별자치도
24,127.8065,38.235,강원도 화천군 화천읍 풍산리,1,359.8,강원특별자치도
25,127.9065,38.235,강원도 양구군 방산면 천미리,1,791.5,강원특별자치도
27,128.1066,38.235,강원도 양구군 해안면 만대리,1,984.6,강원특별자치도
28,128.2066,38.235,강원도 인제군 서화면 천도리,1,347.7,강원특별자치도
29,128.3066,38.235,강원도 인제군 서화면 서화리,1,1168.5,강원특별자치도
32,126.8064,38.135,경기도 연천군 왕징면 기곡리,1,78.3,경
33,126.9064,38.135,경기도 연천군 왕징면,1,164.4,경기도
34,127.0064,38.135,경기도 연천군 중면 삼곶리,1,66.3,경기도
35,127.1064,38.135,경기도 연천군 연천읍 옥산리,1,256.6,경기도
37,127.3064,38.135,강원도 철원군 갈말읍 신철원리,1,166.8,강원특별자치도
38,127.4065,38.135,강원도 철원군 서면 자등리,1,338.8,강원특별자치도
39,127.5065,38.135,강원도 화천군 사내면 명월리,1,864.8,강원특별자치도
42,127.8065,38.135,강원도 화천군 화천읍 동촌리,1,553.2,강원특별자치도
43,127.9065,38.135,강원도 양구군 양구읍 상무룡리,1,184.8,강원특별자치도
44,128.0065,38.135,강원도 양구군 양구읍 죽곡리,1,193.8,강원특별자치도
45,128.1066,38.135,강원도 인제군 인제읍 가아리,1,664.6,강원특별자치도
47,128.3066,38.135,강원도 인제군 북면 한계리,1,624.2,강원특별자치도
48,128.4066,38.135,강원도 인제군 북면 용대리,1,1019.2,강원특별자치도
49,128.5066,38.135,강원도 양양군 강현면 둔전리,1,1034.7,강원특별자치도
52,127.0064,38.035,경기도 연천군 미산면 우정리,1,44.7,경기도
53,127.1064,38.035,경기도 연천군 청산면 궁평리,1,69,경기도
54,127.2064,38.035,경기도 포천시 창수면 오가리,1,115,경기도
55,127.3064,38.035,경기도 포천시 영중면 성동리,1,578.6,경기도
57,127.5065,38.035,강원도 화천군 사내면 삼일리,1,523.9,강원특별자치도
58,127.6065,38.035,강원도 춘천시 사북면 오탄리,1,379.1,강원특별자치도
59,127.7065,38.035,강원도 화천군 하남면 거례리,1,395.8,강원특별자치도
62,128.0065,38.035,강원도 양구군 국토정중앙면 명곶리,1,626.6,강원특별자치도
63,128.1066,38.035,강원도 양구군 국토정중앙면 두무리,1,341.3,강원특별자치도
64,128.2066,38.035,강원도 인제군 인제읍 고사리,1,477.7,강원특별자치도
65,128.3066,38.035,강원도 인제군 인제읍 하추리,1,460.6,강원특별자치도
67,128.5066,38.035,강원도 양양군 서면 영덕리,1,855.6,강원특별자치도
68,128.6066,38.035,강원도 양양군 서면 수리,1,101.6,강원특별자치도
69,128.7066,38.035,강원도 양양군 현북면 중광정리,1,6,강원특별자치도
72,126.9064,37.935,경기도 파주시 적성면 마지리,1,39.6,경기도
73,127.0064,37.935,경기도 연천군 전곡읍 간파리,1,214.8,경기도
74,127.1064,37.935,경기도 동두천시 걸산동,1,301.7,경기도
75,127.2064,37.935,경기도 포천시 신북면 신평리,1,152,경기도
77,127.4065,37.935,경기도 가평군 조종면 상판리,1,645.3,경기도
78,127.5065,37.935,경기도 가평군 북면 도대리,1,486.2,경기도
79,127.6065,37.935,경기도 가평군 북면 목동리,1,547.3,경기도
82,127.9065,37.935,강원도 춘천시 북산면 물로리,1,259.3,강원특별자치도
83,128.0065,37.935,강원도 홍천군 두촌면 장남리,1,529.6,강원특별자치도
84,128.1066,37.935,강원도 인제군 남면 어론리,1,628.4,강원특별자치도
85,128.2066,37.935,강원도 인제군 남면 정자리,1,776.3,강원특별자치도
87,128.4066,37.935,강원도 인제군 기린면 방동리,1,832.1,강원특별자치도
88,128.5066,37.935,강원도 양양군 서면 미천리,1,663.5,강원특별자치도
89,128.6066,37.935,강원도 양양군 현북면 면옥치리,1,560.3,강원특별자치도
92,126.2063,37.835,인천광역시 강화군 교동면 서한리,1,-0.7,인천광역시
93,126.4063,37.835,인천광역시 강화군 양사면 북성리,1,-4.2,인천광역시
94,126.7064,37.835,경기도 파주시 탄현면 오금리,1,5.5,경기도
95,126.8064,37.835,경기도 파주시 파주읍 봉암리,1,149.5,경기도
97,127.0064,37.835,경기도 양주시 은현면 도하리,1,166,경기도
98,127.1064,37.835,경기도 양주시 율정동,1,119.4,경기도
99,127.2064,37.835,경기도 포천시 가산면 우금리,1,137.7,경기도
102,127.5065,37.835,경기도 가평군 가평읍 읍내리,1,81.2,경기도
103,127.6065,37.835,강원도 춘천시 서면 당림리,1,71.4,강원특별자치도
104,127.7065,37.835,강원도 춘천시 신동면 팔미리,1,231,강원특별자치도
105,127.8065,37.835,강원도 춘천시 동내면 고은리,1,657.4,강원특별자치도
107,128.0065,37.835,강원도 홍천군 두촌면 역내리,1,304.1,강원특별자치도
108,128.1066,37.835,강원도 홍천군 내촌면 도관리,1,566.6,강원특별자치도
109,128.2066,37.835,강원도 인제군 상남면 상남리,1,694.2,강원특별자치도
112,128.5066,37.835,강원도 홍천군 내면 명개리,1,1011.8,강원특별자치도
113,128.6066,37.835,강원도 강릉시 연곡면 삼산리,1,684.1,강원특별자치도
114,128.7066,37.835,강원도 강릉시 연곡면 삼산리,1,232.3,강원특별자치도
115,128.8066,37.835,강원도 강릉시 사천면 석교리,1,92.8,강원특별자치도
117,126.3063,37.735,인천광역시 강화군 삼산면 상리,1,57.5,인천광역시
118,126.4063,37.735,인천광역시 강화군 내가면 오상리,1,146.1,인천광역시
119,126.5063,37.735,인천광역시 강화군 강화읍 갑곳리,1,3.3,인천광역시
122,126.8064,37.735,경기도 파주시 조리읍 대원리,1,8.9,경기도
123,126.9064,37.735,경기도 고양시 덕양구 벽제동,1,179.4,경기도
124,127.0064,37.735,경기도 의정부시 가능동,1,162.5,경기도
125,127.1064,37.735,경기도 의정부시 고산동,1,74.4,경기도
127,127.3064,37.735,경기도 남양주시 수동면 외방리,1,139.1,경기도
128,127.4065,37.735,경기도 가평군 청평면 청평리,1,117.5,경기도
129,127.5065,37.735,경기도 가평군 가평읍 복장리,1,61.4,경기도
132,127.8065,37.735,강원도 홍천군 북방면 본궁리,1,149.8,강원특별자치도
133,127.9065,37.735,강원도 홍천군 홍천읍 결운리,1,304.1,강원특별자치도
134,128.0065,37.735,강원도 홍천군 화촌면 군업리,1,244.5,강원특별자치도
135,128.1066,37.735,강원도 홍천군 화촌면 장평리,1,329.8,강원특별자치도
137,128.3066,37.735,강원도 홍천군 서석면 생곡리,1,679.9,강원특별자치도
138,128.4066,37.735,강원도 홍천군 내면 자운리,1,714.3,강원특별자치도
139,128.5066,37.735,강원도 홍천군 내면 광원리,1,1066.4,강원특별자치도
142,128.8066,37.735,강원도 강릉시 성산면 어흘리,1,201.7,강원특별자치도
143,128.9066,37.735,강원도 강릉시 유산동,1,58.8,강원특별자치도
144,129.0067,37.735,강원도 강릉시 강동면 안인진리,1,-3.1,강원특별자치도
145,126.6064,37.635,경기도 김포시 대곶면 대능리,1,19.7,경기도
147,126.8064,37.635,경기도 고양시 덕양구 내곡동,1,9.7,경기도
148,126.9064,37.635,경기도 고양시 덕양구 동산동,1,89.6,경기도
149,127.0064,37.635,서울특별시 강북구 수유동,1,106.1,서울특별시
152,127.3064,37.635,경기도 남양주시 화도읍 차산리,1,67.5,경기도
153,127.4065,37.635,경기도 양평군 서종면 수입리,1,226,경기도
154,127.5065,37.635,경기도 가평군 설악면 설곡리,1,177.2,경기도
155,127.6065,37.635,경기도 양평군 단월면 석산리,1,160.9,경기도
157,127.8065,37.635,강원도 홍천군 홍천읍 상오안리,1,350.9,강원특별자치도
158,127.9065,37.635,강원도 홍천군 영귀미면 방량리,1,309.8,강원특별자치도
159,128.0065,37.635,강원도 홍천군 영귀미면 좌운리,1,239.9,강원특별자치도
162,128.3066,37.635,강원도 평창군 봉평면 흥정리,1,900.5,강원특별자치도
163,128.4066,37.635,강원도 평창군 봉평면 덕거리,1,776.8,강원특별자치도
164,128.5066,37.635,강원도 평창군 용평면 속사리,1,800.4,강원특별자치도
165,128.6066,37.635,강원도 평창군 진부면 호명리,1,770.4,강원특별자치도
167,128.8066,37.635,강원도 강릉시 왕산면 왕산리,1,715,강원특별자치도
168,128.9066,37.635,강원도 강릉시 강동면 언별리,1,442.5,강원특별자치도
169,129.0067,37.635,강원도 강릉시 옥계면 낙풍리,1,251.1,강원특별자치도
172,126.9064,37.535,서울특별시 영등포구 당산동,1,12.8,서울특별시
173,127.0064,37.535,서울특별시 용산구 한남동,1,13.6,서울특별시
174,127.1064,37.535,서울특별시 송파구 신천동,1,3,서울특별시
175,127.2064,37.535,경기도 하남시 천현동,1,28.1,경기도
177,127.4065,37.535,경기도 양평군 양서면 청계리,1,128.9,경기도
178,127.5065,37.535,경기도 양평군 옥천면 용천리,1,237.3,경기도
179,127.6065,37.535,경기도 양평군 용문면 조현리,1,222.2,경기도
182,127.9065,37.535,강원도 횡성군 공근면 초원리,1,457.3,강원특별자치도
183,128.0065,37.535,강원도 횡성군 공근면 수백리,1,140.1,강원특별자치도
184,128.1066,37.535,강원도 횡성군 갑천면 포동리,1,242.6,강원특별자치도
185,128.2066,37.535,강원도 횡성군 둔내면 마암리,1,520.4,강원특별자치도
187,128.4066,37.535,강원도 평창군 용평면 재산리,1,703.9,강원특별자치도
188,128.5066,37.535,강원도 평창군 대화면 대화리,1,953.5,강원특별자치도
189,128.6066,37.535,강원도 정선군 북평면 숙암리,1,771.1,강원특별자치도
192,128.9066,37.535,강원도 정선군 임계면 직원리,1,801.7,강원특별자치도
193,129.0067,37.535,강원도 동해시 신흥동,1,247.9,강원특별자치도
194,129.1067,37.535,강원도 동해시 부곡동,1,48.3,강원특별자치도
197,126.9064,37.435,서울특별시 금천구 시흥동,1,22.3,서울특별시
198,127.0064,37.435,경기도 과천시 막계동,1,48.3,경기도
199,127.1064,37.435,경기도 성남시 수정구 고등동,1,29,경기도
200,127.2064,37.435,경기도 광주시 목현동,1,170.4,경기도
203,127.5065,37.435,경기도 여주시 금사면 전북리,1,45.2,경기도
204,127.6065,37.435,경기도 양평군 지평면 수곡리,1,121.5,경기도
205,127.7065,37.435,경기도 양평군 양동면 매월리,1,260.1,경기도
207,127.9065,37.435,강원도 원주시 호저면 산현리,1,258.8,강원특별자치도
208,128.0065,37.435,강원도 원주시 소초면 교항리,1,242.1,강원특별자치도
209,128.1066,37.435,강원도 횡성군 우천면 오원리,1,294.8,강원특별자치도
210,128.2066,37.435,강원도 횡성군 안흥면 지구리,1,592.5,강원특별자치도
213,128.5066,37.435,강원도 평창군 대화면 하안미리,1,717.8,강원특별자치도
214,128.6066,37.435,강원도 정선군 북평면 나전리,1,938.4,강원특별자치도
215,128.7066,37.435,강원도 정선군 여량면 고양리,1,770.5,강원특별자치도
217,128.9066,37.435,강원도 삼척시 하장면 중봉리,1,1131.1,강원특별자치도
218,129.0067,37.435,강원도 동해시 삼화동,1,1000.6,강원특별자치도
219,129.1067,37.435,강원도 삼척시 도경동,1,140.2,강원특별자치도
220,129.2067,37.435,강원도 삼척시 정하동,1,-2.8,강원특별자치도
223,127.1064,37.335,경기도 용인시 수지구 죽전동,1,59.6,경기도
224,127.2064,37.335,경기도 광주시 오포읍 문형리,1,114.1,경기도
225,127.3064,37.335,경기도 광주시 도척면 도웅리,1,150.4,경기도
227,127.5065,37.335,경기도 이천시 백사면 백우리,1,51.8,경기도
228,127.6065,37.335,경기도 여주시 세종대왕면 백석리,1,39.5,경기도
229,127.7065,37.335,경기도 여주시 북내면 중암리,1,69.1,경기도
230,127.8065,37.335,강원도 원주시 지정면 안창리,1,131.1,강원특별자치도
233,128.1066,37.335,강원도 횡성군 강림면 강림리,1,623.9,강원특별자치도
234,128.2066,37.335,강원도 영월군 무릉도원면 운학리,1,622.9,강원특별자치도
235,128.3066,37.335,강원도 영월군 주천면 판운리,1,410.3,강원특별자치도
237,128.5066,37.335,강원도 평창군 미탄면 창리,1,305,강원특별자치도
238,128.6066,37.335,강원도 정선군 정선읍 귤암리,1,492.7,강원특별자치도
239,128.7066,37.335,강원도 정선군 남면 낙동리,1,566.8,강원특별자치도
240,128.8066,37.335,강원도 정선군 화암면 화암리,1,700.8,강원특별자치도
243,129.1067,37.335,강원도 삼척시 신기면 대평리,1,337.1,강원특별자치도
244,129.2067,37.335,강원도 삼척시 근덕면 동막리,1,235.8,강원특별자치도
245,129.3067,37.335,강원도 삼척시 근덕면 초곡리,1,-47.5,강원특별자치도
247,126.7064,37.235,경기도 화성시 송산면 천등리,1,30.2,경기도
248,126.8064,37.235,경기도 화성시 남양읍 시리,1,42.1,경기도
249,126.9064,37.235,경기도 화성시 비봉면 쌍학리,1,40.2,경기도
250,127.0064,37.235,경기도 수원시 권선구 장지동,1,23.5,경기도
253,127.3064,37.235,경기도 용인시 처인구 양지면 제일리,1,157.5,경기도
254,127.4065,37.235,경기도 이천시 호법면 단천리,1,173,경기도
255,127.5065,37.235,경기도 이천시 대월면 초지리,1,75.8,경기도
257,127.7065,37.235,경기도 여주시 강천면 강천리,1,47.6,경기도
258,127.8065,37.235,강원도 원주시 부론면 손곡리,1,147.9,강원특별자치도
259,127.9065,37.235,강원도 원주시 귀래면 운남리,1,579.7,강원특별자치도
260,128.0065,37.235,충청북도 제천시 백운면 운학리,1,584.8,충청북도
263,128.3066,37.235,강원도 영월군 주천면 용석리,1,250.1,강원특별자치도
264,128.4066,37.235,강원도 영월군 북면 문곡리,1,427.2,강원특별자치도
265,128.5066,37.235,강원도 영월군 영월읍 거운리,1,221.8,강원특별자치도
267,128.7066,37.235,강원도 정선군 신동읍 방제리,1,616.7,강원특별자치도
268,128.8066,37.235,강원도 정선군 사북읍 직전리,1,742.1,강원특별자치도
269,128.9066,37.235,강원도 삼척시 하장면 한소리,1,953.5,강원특별자치도
270,129.0067,37.235,강원도 삼척시 도계읍 점리,1,649.7,강원특별자치도
273,129.3067,37.235,강원도 삼척시 원덕읍 임원리,1,230,강원특별자치도
274,126.8064,37.135,경기도 화성시 우정읍 주곡리,1,4.7,경기도
275,126.9064,37.135,경기도 화성시 향남읍 장짐리,1,13.2,경기도
277,127.1064,37.135,경기도 평택시 진위면 동천리,1,53.7,경기도
278,127.2064,37.135,경기도 용인시 처인구 이동읍 송전리,1,51.4,경기도
279,127.3064,37.135,경기도 용인시 처인구 원삼면 목신리,1,76.9,경기도
280,127.4065,37.135,경기도 용인시 처인구 백암면 고안리,1,99.4,경기도
283,127.7065,37.135,충청북도 음성군 감곡면 문촌리,1,294.5,충청북도
284,127.8065,37.135,충청북도 충주시 소태면 덕은리,1,130.3,충청북도
285,127.9065,37.135,충청북도 충주시 엄정면 원곡리,1,188.7,충청북도
287,128.1066,37.135,충청북도 제천시 봉양읍 연박리,1,220.7,충청북도
288,128.2066,37.135,충청북도 제천시 명동,1,249.1,충청북도
289,128.3066,37.135,충청북도 단양군 어상천면 석교리,1,681.4,충청북도
290,128.4066,37.135,강원도 영월군 남면 연당리,1,326.1,강원특별자치도
293,128.7066,37.135,강원도 영월군 산솔면 녹전리,1,581.6,강원특별자치도
294,128.8066,37.135,강원도 영월군 상동읍 내덕리,1,598.6,강원특별자치도
295,128.9066,37.135,강원도 태백시 혈동,1,1110.8,강원특별자치도
297,129.1067,37.135,강원도 삼척시 가곡면 풍곡리,1,752.4,강원특별자치도
298,129.2067,37.135,강원도 삼척시 가곡면 오저리,1,229.4,강원특별자치도
299,129.3067,37.135,강원도 삼척시 원덕읍 산양리,1,135.7,강원특별자치도
300,129.4067,37.135,경상북도 울진군 북면 나곡리,1,-44.9,경상북도
303,126.6064,37.035,충청남도 당진시 석문면,1,-9.9,충청남도
304,126.8064,37.035,경기도 화성시 우정읍 이화리,1,6.4,경기도
305,126.9064,37.035,경기도 평택시 청북읍 삼계리,1,3.5,경기도
307,127.1064,37.035,경기도 안성시 원곡면 내가천리,1,45.1,경기도
308,127.2064,37.035,경기도 안성시 양성면 덕봉리,1,23.6,경기도
309,127.3064,37.035,경기도 안성시 보개면 복평리,1,61.1,경기도
310,127.4065,37.035,경기도 안성시 죽산면 장계리,1,260.1,경기도
313,127.7065,37.035,충청북도 충주시 노은면 안락리,1,267.3,충청북도
314,127.8065,37.035,충청북도 충주시 노은면 수룡리,1,164.5,충청북도
315,127.9065,37.035,충청북도 충주시 금가면 사암리,1,100.2,충청북도
317,128.1066,37.035,충청북도 제천시 청풍면 사오리,1,135.5,충청북도
318,128.2066,37.035,충청북도 제천시 금성면 성내리,1,593.5,충청북도
319,128.3066,37.035,충청북도 단양군 매포읍 하시리,1,214.2,충청북도
320,128.4066,37.035,충청북도 단양군 가곡면 가대리,1,235.8,충청북도
323,128.7066,37.035,경상북도 봉화군 물야면 오전리,1,1089.8,경상북도
324,128.8066,37.035,경상북도 봉화군 춘양면 서벽리,1,729.2,경상북도
325,128.9066,37.035,경상북도 봉화군 소천면 고선리,1,1071,경상북도
327,129.1067,37.035,경상북도 봉화군 석포면 석포리,1,909.1,경상북도
328,129.2067,37.035,경상북도 울진군 금강송면 소광리,1,643.7,경상북도
329,129.3067,37.035,경상북도 울진군 북면 하당리,1,182,경상북도
330,126.2063,36.935,충청남도 태안군 원북면 방갈리,1,-4.1,충청남도
333,126.6064,36.935,충청남도 당진시 고대면 슬항리,1,11.4,충청남도
334,126.7064,36.935,충청남도 당진시 송산면 명산리,1,8.2,충청남도
335,126.8064,36.935,충청남도 당진시 신평면 매산리,1,0,충청남도
337,127.0064,36.935,경기도 평택시 팽성읍 노양리,1,3.2,충청남도
338,127.1064,36.935,충청남도 천안시 서북구 성환읍 어룡리,1,34.7,충청남도
339,127.2064,36.935,충청남도 천안시 서북구 입장면 가산리,1,28.1,충청남도
340,127.3064,36.935,경기도 안성시 금광면 상중리,1,360.2,경기도
343,127.6065,36.935,충청북도 음성군 음성읍 동음리,1,195.7,충청북도
344,127.7065,36.935,충청북도 음성군 음성읍 평곡리,1,286.9,충청북도
345,127.8065,36.935,충청북도 괴산군 불정면 삼방리,1,200.2,충청북도
347,128.0065,36.935,충청북도 충주시 살미면 재오개리,1,166.1,충청북도
348,128.1066,36.935,충청북도 제천시 한수면 탄지리,1,293.9,충청북도
349,128.2066,36.935,충청북도 제천시 수산면 수산리,1,201.7,충청북도
350,128.3066,36.935,충청북도 단양군 단성면 외중방리,1,212.1,충청북도
353,128.6066,36.935,경상북도 영주시 단산면 병산리,1,240.9,경상북도
354,128.7066,36.935,경상북도 봉화군 물야면 북지리,1,383.6,경상북도
355,128.8066,36.935,경상북도 봉화군 봉성면 동양리,1,407.3,경상북도
357,129.0067,36.935,경상북도 봉화군 소천면 현동리,1,311.2,경상북도
358,129.1067,36.935,경상북도 봉화군 소천면 분천리,1,464.5,경상북도
359,129.2067,36.935,경상북도 울진군 금강송면 쌍전리,1,452,경상북도
360,129.3067,36.935,경상북도 울진군 근남면 수곡리,1,382.3,경상북도
363,126.4063,36.835,충청남도 서산시 성연면 오사리,1,113,충청남도
364,126.5063,36.835,충청남도 서산시 음암면 문양리,1,85.4,충청남도
365,126.6064,36.835,충청남도 당진시 구룡동,1,30.3,충청남도
367,126.8064,36.835,충청남도 당진시 우강면 공포리,1,6.9,충청남도
368,126.9064,36.835,충청남도 아산시 인주면 도흥리,1,38.6,충청남도
369,127.0064,36.835,충청남도 아산시 음봉면 동천리,1,58.8,충청남도
370,127.1064,36.835,충청남도 천안시 서북구 백석동,1,90.5,충청남도
373,127.4065,36.835,충청북도 진천군 진천읍 사석리,1,197.8,충청북도
374,127.5065,36.835,충청북도 진천군 초평면 화산리,1,98.5,충청북도
375,127.6065,36.835,충청북도 증평군 도안면 송정리,1,88.9,충청북도
377,127.8065,36.835,충청북도 괴산군 괴산읍 사창리,1,181,충청북도
378,127.9065,36.835,충청북도 괴산군 감물면 백양리,1,403.3,충청북도
379,128.0065,36.835,충청북도 충주시 수안보면 안보리,1,271.5,충청북도
380,128.1066,36.835,충청북도 제천시 한수면 송계리,1,599.4,충청북도
383,128.4066,36.835,충청북도 단양군 대강면 남천리,1,441.4,충청북도
384,128.5066,36.835,경상북도 영주시 봉현면 한천리,1,520.4,경상북도
385,128.6066,36.835,경상북도 영주시 가흥동,1,158.5,경상북도
387,128.8066,36.835,경상북도 봉화군 상운면 문촌리,1,413.7,경상북도
388,128.9066,36.835,경상북도 봉화군 명호면 고계리,1,497.9,경상북도
389,129.0067,36.835,경상북도 봉화군 재산면 동면리,1,762.1,경상북도
390,129.1067,36.835,경상북도 영양군 수비면 신암리,1,712.2,경상북도
393,129.4067,36.835,경상북도 울진군 기성면 삼산리,1,128.2,경상북도
394,126.3063,36.735,충청남도 태안군 태안읍 송암리,1,41.2,충청남도
395,126.4063,36.735,충청남도 서산시 부석면 월계리,1,29.4,충청남도
397,126.6064,36.735,충청남도 서산시 운산면 용현리,1,410.2,충청남도
398,126.7064,36.735,충청남도 예산군 고덕면 석곡리,1,26.3,충청남도
399,126.8064,36.735,충청남도 예산군 신암면 오산리,1,31.9,충청남도
400,126.9064,36.735,충청남도 아산시 도고면 신유리,1,111.9,충청남도
403,127.2064,36.735,충청남도 천안시 동남구 성남면 대정리,1,156.4,충청남도
404,127.3064,36.735,충청남도 천안시 동남구 수신면 장산리,1,150,충청남도
405,127.4065,36.735,충청북도 청주시 청원구 오창읍 용두리,1,110.4,충청북도
407,127.6065,36.735,충청북도 청주시 청원구 북이면 호명리,1,162.8,충청북도
408,127.7065,36.735,충청북도 괴산군 청안면 백봉리,1,316.1,충청북도
409,127.8065,36.735,충청북도 괴산군 청천면 덕평리,1,146.8,충청북도
410,127.9065,36.735,충청북도 괴산군 칠성면 쌍곡리,1,298.8,충청북도
413,128.2066,36.735,경상북도 문경시 산북면 석봉리,1,623.7,경상북도
414,128.3066,36.735,경상북도 문경시 동로면 간송리,1,332.1,경상북도
415,128.4066,36.735,경상북도 예천군 용문면 선리,1,551.9,경상북도
417,128.6066,36.735,경상북도 영주시 문수면 조제리,1,218.3,경상북도
418,128.7066,36.735,경상북도 영주시 평은면 강동리,1,375,경상북도
419,128.8066,36.735,경상북도 안동시 도산면 의일리,1,228.6,경상북도
420,128.9066,36.735,경상북도 안동시 예안면 삼계리,1,593.1,경상북도
423,129.2067,36.735,경상북도 영양군 수비면 오기리,1,472.9,경상북도
424,129.3067,36.735,경상북도 울진군 온정면 선구리,1,526.9,경상북도
425,129.4067,36.735,경상북도 울진군 평해읍 삼달리,1,84.9,경상북도
427,126.6064,36.635,충청남도 예산군 덕산면 대동리,1,40.3,충청남도
428,126.7064,36.635,충청남도 홍성군 금마면 화양리,1,15,충청남도
429,126.8064,36.635,충청남도 예산군 대흥면 노동리,1,19,충청남도
430,126.9064,36.635,충청남도 예산군 대술면 마전리,1,63.3,충청남도
433,127.2064,36.635,세종특별자치시 전동면 송성리,1,344.4,세종특별자치시
434,127.3064,36.635,충청북도 청주시 흥덕구 오송읍 공북리,1,51.4,충청북도
435,127.4065,36.635,충청북도 청주시 흥덕구 지동동,1,158.5,충청북도
437,127.6065,36.635,충청북도 청주시 상당구 낭성면 문박리,1,265.8,충청북도
438,127.7065,36.635,충청북도 청주시 상당구 미원면 월용리,1,258.5,충청북도
439,127.8065,36.635,충청북도 괴산군 청천면 상신리,1,350.6,충청북도
440,127.9065,36.635,충청북도 괴산군 청천면 삼송리,1,329,충청북도
443,128.2066,36.635,경상북도 문경시 호계면 막곡리,1,86.4,경상북도
444,128.3066,36.635,경상북도 예천군 용궁면 월오리,1,97.7,경상북도
445,128.4066,36.635,경상북도 예천군 유천면 화지리,1,83.3,경상북도
447,128.6066,36.635,경상북도 안동시 풍산읍 죽전리,1,280.8,경상북도
448,128.7066,36.635,경상북도 안동시 서후면 저전리,1,174.8,경상북도
449,128.8066,36.635,경상북도 안동시 와룡면 주계리,1,237.5,경상북도
450,128.9066,36.635,경상북도 안동시 예안면 계곡리,1,261.9,경상북도
453,129.2067,36.635,경상북도 영양군 영양읍 무창리,1,381.5,경상북도
454,129.3067,36.635,경상북도 영덕군 창수면 삼계리,1,128.3,경상북도
455,129.4067,36.635,경상북도 영덕군 병곡면 백석리,1,150.6,경상북도
457,126.4063,36.535,충청남도 홍성군 서부면 죽도리,1,-4.9,충청남도
458,126.6064,36.535,충청남도 홍성군 은하면 장곡리,1,183.9,충청남도
459,126.7064,36.535,충청남도 홍성군 홍동면 문당리,1,59.4,충청남도
460,126.8064,36.535,충청남도 예산군 광시면 시목리,1,270.1,충청남도
463,127.1064,36.535,충청남도 공주시 정안면 상룡리,1,65.5,충청남도
464,127.2064,36.535,세종특별자치시 장군면 평기리,1,159.5,세종특별자치시
465,127.3064,36.535,세종특별자치시 용호동,1,93.5,세종특별자치시
467,127.5065,36.535,충청북도 청주시 상당구 가덕면 국전리,1,85.3,충청북도
468,127.6065,36.535,충청북도 보은군 회인면 쌍암리,1,224.2,충청북도
469,127.7065,36.535,충청북도 보은군 내북면 서지리,1,185.1,충청북도
470,127.8065,36.535,충청북도 보은군 속리산면 북암리,1,604.5,충청북도
473,128.1066,36.535,경상북도 상주시 공검면 지평리,1,88.3,경상북도
474,128.2066,36.535,경상북도 상주시 함창읍 신덕리,1,89.7,경상북도
475,128.3066,36.535,경상북도 예천군 풍양면 우망리,1,223,경상북도
477,128.5066,36.535,경상북도 안동시 풍천면 광덕리,1,97.3,경상북도
478,128.6066,36.535,경상북도 안동시 남후면 단호리,1,278.1,경상북도
479,128.7066,36.535,경상북도 안동시 수상동,1,213.4,경상북도
480,128.8066,36.535,경상북도 안동시 남선면 이천리,1,89.1,경상북도
483,129.1067,36.535,경상북도 청송군 진보면 시량리,1,257.7,경상북도
484,129.2067,36.535,경상북도 영양군 석보면 화매리,1,557.8,경상북도
485,129.3067,36.535,경상북도 영덕군 영해면 묘곡리,1,350,경상북도
487,126.6064,36.435,충청남도 보령시 청소면 정전리,1,51.6,충청남도
488,126.7064,36.435,충청남도 청양군 화성면 농암리,1,163.2,충청남도
489,126.8064,36.435,충청남도 청양군 청양읍 벽천리,1,246.2,충청남도
490,126.9064,36.435,충청남도 청양군 정산면 마치리,1,288.5,충청남도
493,127.2064,36.435,충청남도 공주시 반포면 마암리,1,59.2,충청남도
494,127.3064,36.435,세종특별자치시 금남면 축산리,1,133.7,세종특별자치시
495,127.4065,36.435,대전광역시 대덕구 신일동,1,37.7,대전광역시
497,127.6065,36.435,충청북도 보은군 회남면 광포리,1,171.2,충청북도
498,127.7065,36.435,충청북도 보은군 삼승면 선곡리,1,268.9,충청북도
499,127.8065,36.435,충청북도 보은군 탄부면 하장리,1,141.2,충청북도
500,127.9065,36.435,경상북도 상주시 화서면 금산리,1,312.7,경상북도
503,128.2066,36.435,경상북도 상주시 병성동,1,48.9,경상북도
504,128.3066,36.435,경상북도 상주시 중동면 금당리,1,211.2,경상북도
505,128.4066,36.435,경상북도 의성군 다인면 삼분리,1,90.8,경상북도
507,128.6066,36.435,경상북도 안동시 일직면 평팔리,1,230.8,경상북도
508,128.7066,36.435,경상북도 의성군 단촌면 관덕리,1,146.1,경상북도
509,128.8066,36.435,경상북도 의성군 옥산면 신계리,1,397.5,경상북도
510,128.9066,36.435,경상북도 안동시 길안면 만음리,1,142,경상북도
513,129.2067,36.435,경상북도 영덕군 지품면 송천리,1,558.3,경상북도
514,129.3067,36.435,경상북도 영덕군 지품면 신양리,1,132.6,경상북도
515,126.6064,36.335,충청남도 보령시 명천동,1,38.2,충청남도
517,126.8064,36.335,충청남도 부여군 은산면 오번리,1,114,충청남도
518,126.9064,36.335,충청남도 청양군 장평면 분향리,1,8,충청남도
519,127.0064,36.335,충청남도 공주시 탄천면 성리,1,30.3,충청남도
520,127.1064,36.335,충청남도 논산시 노성면 화곡리,1,70.3,충청남도
523,127.4065,36.335,대전광역시 중구 목동,1,67.3,대전광역시
524,127.5065,36.335,충청북도 옥천군 군북면 증약리,1,172.9,충청북도
525,127.6065,36.335,충청북도 옥천군 옥천읍 수북리,1,75.4,충청북도
527,127.8065,36.335,충청북도 옥천군 청산면 판수리,1,116.5,충청북도
528,127.9065,36.335,경상북도 상주시 모서면 득수리,1,245.9,경상북도
529,128.0065,36.335,경상북도 상주시 모동면 덕곡리,1,294.5,경상북도
530,128.1066,36.335,경상북도 상주시 청리면 덕산리,1,100,경상북도
533,128.4066,36.335,경상북도 의성군 구천면 소호리,1,147.9,경상북도
534,128.5066,36.335,경상북도 의성군 비안면 장춘리,1,44.5,경상북도
535,128.6066,36.335,경상북도 의성군 봉양면 사부리,1,284.4,경상북도
537,128.8066,36.335,경상북도 의성군 옥산면 실업리,1,407.1,경상북도
538,128.9066,36.335,경상북도 안동시 길안면 송사리,1,430.8,경상북도
539,129.0067,36.335,경상북도 청송군 안덕면 근곡리,1,249.1,경상북도
540,129.1067,36.335,경상북도 청송군 주왕산면 부일리,1,381.5,경상북도
543,129.4067,36.335,경상북도 영덕군 강구면 삼사리,1,-32.1,경상북도
544,126.6064,36.235,충청남도 보령시 웅천읍 대창리,1,26.2,충청남도
545,126.7064,36.235,충청남도 보령시 미산면 봉성리,1,123.5,충청남도
547,126.9064,36.235,충청남도 부여군 장암면 정암리,1,63.5,충청남도
548,127.0064,36.235,충청남도 부여군 석성면 현내리,1,64.3,충청남도
549,127.1064,36.235,충청남도 논산시 광석면 왕전리,1,8.1,충청남도
550,127.2064,36.235,충청남도 논산시 연산면 관동리,1,122.9,충청남도
553,127.5065,36.235,충청남도 금산군 추부면 신평리,1,239.8,충청남도
554,127.6065,36.235,충청북도 옥천군 이원면 강청리,1,168.6,충청북도
555,127.7065,36.235,충청북도 영동군 심천면 고당리,1,102.6,충청북도
557,127.9065,36.235,충청북도 영동군 황간면 신흥리,1,163.4,충청북도
558,128.0065,36.235,충청북도 영동군 추풍령면 지봉리,1,268.6,충청북도
559,128.1066,36.235,경상북도 김천시 어모면 구례리,1,259.1,경상북도
560,128.2066,36.235,경상북도 김천시 감문면 광덕리,1,141.3,경상북도
563,128.5066,36.235,경상북도 군위군 소보면 산법리,1,124.9,대구광역시
564,128.6066,36.235,경상북도 군위군 군위읍 용대리,1,105.8,대구광역시
565,128.7066,36.235,경상북도 의성군 가음면 귀천리,1,96.1,경상북도
567,128.9066,36.235,경상북도 청송군 현서면 모계리,1,418,경상북도
568,129.0067,36.235,경상북도 청송군 현동면 월매리,1,470.8,경상북도
569,129.1067,36.235,경상북도 포항시 북구 죽장면 상사리,1,486.7,경상북도
570,129.2067,36.235,경상북도 포항시 북구 죽장면 상옥리,1,418.2,경상북도
573,126.6064,36.135,충청남도 서천군 비인면 성내리,1,35.6,충청남도
574,126.7064,36.135,충청남도 서천군 판교면 등고리,1,62,충청남도
575,126.8064,36.135,충청남도 서천군 마산면 가양리,1,37.6,충청남도
577,127.0064,36.135,전라북도 익산시 망성면 화산리,1,6.7,전라북도
578,127.1064,36.135,충청남도 논산시 연무읍 동산리,1,24.5,충청남도
579,127.2064,36.135,충청남도 논산시 양촌면 석서리,1,147,충청남도
580,127.3064,36.135,충청남도 논산시 벌곡면 수락리,1,336.5,충청남도
583,127.6065,36.135,충청북도 영동군 양산면 가선리,1,174.8,충청북도
584,127.7065,36.135,충청북도 영동군 양강면 두평리,1,254.3,충청북도
585,127.8065,36.135,충청북도 영동군 양강면 죽촌리,1,290.1,충청북도
587,128.0065,36.135,경상북도 김천시 대항면 향천리,1,161.3,경상북도
588,128.1066,36.135,경상북도 김천시 신음동,1,114.6,경상북도
589,128.2066,36.135,경상북도 김천시 남면 봉천리,1,113.5,경상북도
590,128.3066,36.135,경상북도 구미시 선기동,1,101.2,경상북도
593,128.6066,36.135,경상북도 군위군 효령면 금매리,1,103.1,대구광역시
594,128.7066,36.135,경상북도 군위군 산성면 화전리,1,157.5,대구광역시
595,128.8066,36.135,경상북도 군위군 삼국유사면 장곡리,1,182,대구광역시
597,129.0067,36.135,경상북도 영천시 자양면 보현리,1,404.9,경상북도
598,129.1067,36.135,경상북도 포항시 북구 죽장면 정자리,1,351.5,경상북도
599,129.2067,36.135,경상북도 포항시 북구 기계면 미현리,1,408.9,경상북도
600,129.3067,36.135,경상북도 포항시 북구 흥해읍 용곡리,1,124.4,경상북도
603,126.9064,36.035,전라북도 익산시 함라면 다망리,1,9.9,전라북도
604,127.0064,36.035,전라북도 익산시 삼기면 연동리,1,20.6,전라북도
605,127.1064,36.035,전라북도 익산시 여산면 원수리,1,95.6,전라북도
607,127.3064,36.035,전라북도 완주군 경천면 가천리,1,301.8,전라북도
608,127.4065,36.035,충청남도 금산군 남이면 대양리,1,319.9,충청남도
609,127.5065,36.035,충청남도 금산군 남일면 덕천리,1,218.2,충청남도
610,127.6065,36.035,충청남도 금산군 부리면 방우리,1,357.3,충청남도
613,127.9065,36.035,경상북도 김천시 부항면 파천리,1,915,경상북도
614,128.0065,36.035,경상북도 김천시 구성면 용호리,1,244.3,경상북도
615,128.1066,36.035,경상북도 김천시 조마면 강곡리,1,104.3,경상북도
617,128.3066,36.035,경상북도 칠곡군 북삼읍 보손리,1,395.9,경상북도
618,128.4066,36.035,경상북도 칠곡군 석적읍 포남리,1,21,경상북도
619,128.5066,36.035,경상북도 칠곡군 가산면 다부리,1,515.3,경상북도
620,128.6066,36.035,경상북도 칠곡군 가산면 응추리,1,496.3,경상북도
623,128.9066,36.035,경상북도 영천시 화남면 대천리,1,176.8,경상북도
624,129.0067,36.035,경상북도 영천시 임고면 효리,1,129.3,경상북도
625,129.1067,36.035,경상북도 영천시 고경면 삼포리,1,579.2,경상북도
627,129.3067,36.035,경상북도 포항시 남구 연일읍 학전리,1,41.6,경상북도
628,129.4067,36.035,경상북도 포항시 남구 송정동,1,0.8,경상북도
629,129.5067,36.035,경상북도 포항시 남구 동해면 발산리,1,41.7,경상북도
630,126.7064,35.935,전라북도 군산시 옥구읍 옥정리,1,40.7,전라북도
633,127.0064,35.935,전라북도 익산시 석암동,1,10.3,전라북도
634,127.1064,35.935,전라북도 완주군 삼례읍 석전리,1,18.1,전라북도
635,127.2064,35.935,전라북도 완주군 고산면 양야리,1,82.9,전라북도
637,127.4065,35.935,전라북도 진안군 주천면 운봉리,1,531.5,전라북도
638,127.5065,35.935,전라북도 진안군 용담면 월계리,1,241.9,전라북도
639,127.6065,35.935,전라북도 무주군 적상면 삼유리,1,325.8,전라북도
640,127.7065,35.935,전라북도 무주군 적상면 괴목리,1,405.2,전라북도
643,128.0065,35.935,경상북도 김천시 지례면 여배리,1,603.3,경상북도
644,128.1066,35.935,경상북도 성주군 금수면 무학리,1,446,경상북도
645,128.2066,35.935,경상북도 성주군 벽진면 매수리,1,104.6,경상북도
647,128.4066,35.935,경상북도 칠곡군 왜관읍 낙산리,1,21.3,경상북도
648,128.5066,35.935,경상북도 칠곡군 지천면 연호리,1,173.1,경상북도
649,128.6066,35.935,대구광역시 북구 서변동,1,35.3,대구광역시
650,128.7066,35.935,대구광역시 동구 평광동,1,198.9,대구광역시
653,129.0067,35.935,경상북도 영천시 북안면 내포리,1,126.2,경상북도
654,129.1067,35.935,경상북도 영천시 고경면 덕정리,1,198.6,경상북도
655,129.2067,35.935,경상북도 경주시 안강읍 검단리,1,37.7,경상북도
657,129.4067,35.935,경상북도 포항시 남구 오천읍 용산리,1,138.5,경상북도
658,126.8064,35.835,전라북도 김제시 진봉면 가실리,1,6.3,전라북도
659,126.9064,35.835,전라북도 김제시 흥사동,1,31.4,전라북도
660,127.0064,35.835,전라북도 완주군 이서면 이문리,1,23,전라북도
663,127.3064,35.835,전라북도 완주군 소양면 신원리,1,392.4,전라북도
664,127.4065,35.835,전라북도 진안군 부귀면 두남리,1,398.7,전라북도
665,127.5065,35.835,전라북도 진안군 상전면 수동리,1,341.9,전라북도
667,127.7065,35.835,전라북도 무주군 안성면 공정리,1,713.7,전라북도
668,127.8065,35.835,경상남도 거창군 북상면 소정리,1,529.8,경상남도
669,127.9065,35.835,경상남도 거창군 웅양면 군암리,1,478.8,경상남도
670,128.0065,35.835,경상북도 김천시 증산면 수도리,1,1102.3,경상북도
673,128.3066,35.835,경상북도 성주군 용암면 덕평리,1,45.7,경상북도
674,128.4066,35.835,경상북도 고령군 다산면 노곡리,1,130.8,경상북도
675,128.5066,35.835,대구광역시 달서구 월암동,1,21.7,대구광역시
677,128.7066,35.835,대구광역시 수성구 신매동,1,62.8,대구광역시
678,128.8066,35.835,경상북도 경산시 자인면 계림리,1,51.6,경상북도
679,128.9066,35.835,경상북도 경산시 용성면 외촌리,1,361.5,경상북도
680,129.0067,35.835,경상북도 청도군 운문면 마일리,1,523.4,경상북도
683,129.3067,35.835,경상북도 경주시 신평동,1,199.4,경상북도
684,129.4067,35.835,경상북도 경주시 문무대왕면 호암리,1,162.9,경상북도
685,129.5067,35.835,경상북도 경주시 감포읍 오류리,1,75.3,경상북도
687,126.7064,35.735,전라북도 부안군 행안면 삼간리,1,5.6,전라북도
688,126.8064,35.735,전라북도 김제시 부량면 옥정리,1,4,전라북도
689,126.9064,35.735,전라북도 정읍시 감곡면 유정리,1,5.1,전라북도
690,127.0064,35.735,전라북도 김제시 금산면 삼봉리,1,53.2,전라북도
693,127.3064,35.735,전라북도 진안군 성수면 좌포리,1,243.9,전라북도
694,127.4065,35.735,전라북도 진안군 마령면 동촌리,1,391.1,전라북도
695,127.5065,35.735,전라북도 장수군 천천면 춘송리,1,619,전라북도
697,127.7065,35.735,경상남도 함양군 서상면 상남리,1,835,경상남도
698,127.8065,35.735,경상남도 거창군 위천면 상천리,1,397.8,경상남도
699,127.9065,35.735,경상남도 거창군 거창읍 동변리,1,375.8,경상남도
700,128.0065,35.735,경상남도 거창군 가조면 사병리,1,403.4,경상남도
703,128.3066,35.735,경상북도 고령군 성산면 사부리,1,38,경상북도
704,128.4066,35.735,경상북도 고령군 성산면 오곡리,1,63.6,경상북도
705,128.5066,35.735,대구광역시 달성군 옥포읍 김흥리,1,428.6,대구광역시
707,128.7066,35.735,경상북도 경산시 남천면 하도리,1,417.5,경상북도
708,128.8066,35.735,경상북도 청도군 매전면 금천리,1,216,경상북도
709,128.9066,35.735,경상북도 청도군 금천면 소천리,1,158.2,경상북도
710,129.0067,35.735,경상북도 경주시 산내면 일부리,1,188.2,경상북도
713,129.3067,35.735,경상북도 경주시 외동읍 죽동리,1,88.4,경상북도
714,129.4067,35.735,경상북도 경주시 양남면 효동리,1,166.7,경상북도
715,126.5063,35.635,전라북도 부안군 변산면 마포리,1,32.6,전라북도
717,126.7064,35.635,전라북도 부안군 보안면 부곡리,1,49.3,전라북도
718,126.8064,35.635,전라북도 정읍시 덕천면 도계리,1,50.1,전라북도
719,126.9064,35.635,전라북도 정읍시 정우면 우산리,1,38,전라북도
720,127.0064,35.635,전라북도 정읍시 옹동면 비봉리,1,160.1,전라북도
723,127.3064,35.635,전라북도 임실군 성수면 도인리,1,281.8,전라북도
724,127.4065,35.635,전라북도 임실군 성수면 성수리,1,447,전라북도
725,127.5065,35.635,전라북도 장수군 장수읍 송천리,1,428.4,전라북도
727,127.7065,35.635,경상남도 함양군 서하면 봉전리,1,399.6,경상남도
728,127.8065,35.635,경상남도 함양군 안의면 월림리,1,195.4,경상남도
729,127.9065,35.635,경상남도 거창군 남상면 무촌리,1,224.5,경상남도
730,128.0065,35.635,경상남도 합천군 봉산면 상현리,1,231.1,경상남도
733,128.3066,35.635,경상남도 합천군 덕곡면 본곡리,1,36.9,경상남도
734,128.4066,35.635,대구광역시 달성군 구지면 내리,1,41.6,대구광역시
735,128.5066,35.635,경상남도 창녕군 성산면 후천리,1,281.4,경상남도
737,128.7066,35.635,경상북도 청도군 화양읍 교촌리,1,321.3,경상북도
738,128.8066,35.635,경상북도 청도군 매전면 예전리,1,513.3,경상북도
739,128.9066,35.635,경상북도 청도군 매전면 남양리,1,723.5,경상북도
740,129.0067,35.635,경상북도 청도군 운문면 신원리,1,742.6,경상북도
743,129.3067,35.635,울산광역시 북구 달천동,1,54.7,울산광역시
744,129.4067,35.635,울산광역시 북구 대안동,1,179.8,울산광역시
745,129.5067,35.635,울산광역시 북구 구유동,1,-38.2,울산광역시
747,126.7064,35.535,전라북도 고창군 흥덕면 치룡리,1,27.3,전라북도
748,126.8064,35.535,전라북도 정읍시 입암면 마석리,1,66.8,전라북도
749,126.9064,35.535,전라북도 정읍시 부전동,1,142.2,전라북도
750,127.0064,35.535,전라북도 순창군 쌍치면 오봉리,1,356.8,전라북도
753,127.3064,35.535,전라북도 임실군 삼계면 어은리,1,161,전라북도
754,127.4065,35.535,전라북도 남원시 보절면 사촌리,1,189.9,전라북도
755,127.5065,35.535,전라북도 장수군 번암면 죽산리,1,528.2,전라북도
757,127.7065,35.535,경상남도 함양군 함양읍 죽곡리,1,206.4,경상남도
758,127.8065,35.535,경상남도 함양군 수동면 죽산리,1,265.2,경상남도
759,127.9065,35.535,경상남도 거창군 신원면 대현리,1,733.6,경상남도
760,128.0065,35.535,경상남도 합천군 대병면 유전리,1,152,경상남도
763,128.3066,35.535,경상남도 합천군 적중면 두방리,1,147.1,경상남도
764,128.4066,35.535,경상남도 창녕군 유어면 세진리,1,8.3,경상남도
765,128.5066,35.535,경상남도 창녕군 창녕읍 말흘리,1,125,경상남도
767,128.7066,35.535,경상남도 밀양시 부북면 월산리,1,41.3,경상남도
768,128.8066,35.535,경상남도 밀양시 산외면 엄광리,1,170.5,경상남도
769,128.9066,35.535,경상남도 밀양시 단장면 범도리,1,324,경상남도
770,129.0067,35.535,울산광역시 울주군 상북면 이천리,1,454.4,울산광역시
773,129.3067,35.535,울산광역시 남구 신정동,1,21.3,울산광역시
774,129.4067,35.535,울산광역시 동구 서부동,1,211.8,울산광역시
775,126.4063,35.435,전라남도 영광군 홍농읍 계마리,1,-0.2,전라남도
777,126.6064,35.435,전라북도 고창군 아산면 남산리,1,36.9,전라북도
778,126.7064,35.435,전라북도 고창군 고창읍 교촌리,1,48.6,전라북도
779,126.8064,35.435,전라남도 장성군 북이면 원덕리,1,106.4,전라남도
780,126.9064,35.435,전라북도 순창군 복흥면 지선리,1,302.9,전라북도
783,127.2064,35.435,전라북도 순창군 동계면 구미리,1,106.7,전라북도
784,127.3064,35.435,전라북도 남원시 대산면 신계리,1,206.5,전라북도
785,127.4065,35.435,전라북도 남원시 고죽동,1,132.5,전라북도
787,127.6065,35.435,전라북도 남원시 인월면 중군리,1,449.2,전라북도
788,127.7065,35.435,경상남도 함양군 마천면 구양리,1,902.1,경상남도
789,127.8065,35.435,경상남도 산청군 금서면 자혜리,1,695.9,경상남도
790,127.9065,35.435,경상남도 산청군 산청읍 모고리,1,403.8,경상남도
793,128.2066,35.435,경상남도 의령군 궁류면 벽계리,1,446.6,경상남도
794,128.3066,35.435,경상남도 의령군 유곡면 당동리,1,84.2,경상남도
795,128.4066,35.435,경상남도 창녕군 남지읍 칠현리,1,150.9,경상남도
797,128.6066,35.435,경상남도 창녕군 부곡면 부곡리,1,33,경상남도
798,128.7066,35.435,경상남도 밀양시 초동면 덕산리,1,360.3,경상남도
799,128.8066,35.435,경상남도 밀양시 삼랑진읍 용성리,1,67.4,경상남도
800,128.9066,35.435,경상남도 밀양시 삼랑진읍 행곡리,1,589.4,경상남도
803,129.2067,35.435,울산광역시 울주군 웅촌면 대대리,1,233.7,울산광역시
804,129.3067,35.435,울산광역시 울주군 온산읍 덕신리,1,16.1,울산광역시
805,126.5063,35.335,전라남도 영광군 법성면 월산리,1,7.1,전라남도
807,126.7064,35.335,전라남도 장성군 황룡면 통안리,1,287.5,전라남도
808,126.8064,35.335,전라남도 장성군 장성읍 야은리,1,57.9,전라남도
809,126.9064,35.335,전라남도 담양군 월산면 중월리,1,582.3,전라남도
810,127.0064,35.335,전라남도 담양군 담양읍 금월리,1,115,전라남도
813,127.3064,35.335,전라북도 남원시 송동면 양평리,1,57,전라북도
814,127.4065,35.335,전라북도 남원시 수지면 고평리,1,585.3,전라북도
815,127.5065,35.335,전라남도 구례군 산동면 위안리,1,881.9,전라남도
817,127.7065,35.335,경상남도 함양군 마천면 강청리,1,1351.5,경상남도
818,127.8065,35.335,경상남도 산청군 삼장면 평촌리,1,568.3,경상남도
819,127.9065,35.335,경상남도 산청군 단성면 청계리,1,234,경상남도
820,128.0065,35.335,경상남도 산청군 신안면 장죽리,1,52.9,경상남도
823,128.3066,35.335,경상남도 의령군 용덕면 소상리,1,8.7,경상남도
824,128.4066,35.335,경상남도 함안군 대산면 서촌리,1,33.7,경상남도
825,128.5066,35.335,경상남도 함안군 칠서면 구포리,1,7.7,경상남도
827,128.7066,35.335,경상남도 창원시 의창구 대산면 가술리,1,5.3,경상남도
828,128.8066,35.335,경상남도 김해시 한림면 시산리,1,2.4,경상남도
829,128.9066,35.335,경상남도 김해시 상동면 여차리,1,296,경상남도
830,129.0067,35.335,경상남도 양산시 물금읍 범어리,1,46,경상남도
833,129.3067,35.335,울산광역시 울주군 서생면 신암리,1,26.6,울산광역시
834,126.4063,35.235,전라남도 영광군 염산면 상계리,1,64.5,전라남도
835,126.5063,35.235,전라남도 영광군 군서면 보라리,1,92.1,전라남도
837,126.7064,35.235,전라남도 장성군 동화면 구룡리,1,68,전라남도
838,126.8064,35.235,전라남도 장성군 남면 분향리,1,28.7,전라남도
839,126.9064,35.235,광주광역시 북구 생용동,1,59.5,광주광역시
840,127.0064,35.235,전라남도 담양군 창평면 의항리,1,66.4,전라남도
843,127.3064,35.235,전라남도 곡성군 오곡면 미산리,1,193.3,전라남도
844,127.4065,35.235,전라남도 구례군 용방면 용정리,1,480.5,전라남도
845,127.5065,35.235,전라남도 구례군 마산면 광평리,1,443.7,전라남도
847,127.7065,35.235,경상남도 하동군 청암면 묵계리,1,868.1,경상남도
848,127.8065,35.235,경상남도 산청군 시천면 반천리,1,404.9,경상남도
849,127.9065,35.235,경상남도 산청군 단성면 호리,1,179.1,경상남도
850,128.0065,35.235,경상남도 진주시 명석면 용산리,1,93.4,경상남도
853,128.3066,35.235,경상남도 함안군 군북면 하림리,1,357,경상남도
854,128.4066,35.235,경상남도 함안군 함안면 파수리,1,61.7,경상남도
855,128.5066,35.235,경상남도 창원시 마산회원구 내서읍 원계리,1,77,경상남도
857,128.7066,35.235,경상남도 창원시 성산구 토월동,1,175.8,경상남도
858,128.8066,35.235,경상남도 김해시 주촌면 내삼리,1,127.4,경상남도
859,128.9066,35.235,경상남도 김해시 어방동,1,3.7,경상남도
860,129.0067,35.235,부산광역시 북구 화명동,1,2.2,부산광역시
863,126.5063,35.135,전라남도 함평군 대동면 운교리,1,44.8,전라남도
864,126.6064,35.135,전라남도 함평군 나산면 초포리,1,36.8,전라남도
865,126.7064,35.135,광주광역시 광산구 지정동,1,48.4,광주광역시
867,126.9064,35.135,광주광역시 남구 백운동,1,50.5,광주광역시
868,127.0064,35.135,광주광역시 북구 금곡동,1,776.2,광주광역시
869,127.1064,35.135,전라남도 화순군 백아면 임곡리,1,197.7,전라남도
870,127.2064,35.135,전라남도 곡성군 석곡면 염곡리,1,409.8,전라남도
873,127.5065,35.135,전라남도 구례군 문척면 중산리,1,243.6,전라남도
874,127.6065,35.135,전라남도 광양시 다압면 하천리,1,539.4,전라남도
875,127.7065,35.135,경상남도 하동군 악양면 미점리,1,151.6,경상남도
877,127.9065,35.135,경상남도 사천시 곤명면 은사리,1,70.5,경상남도
878,128.0065,35.135,경상남도 진주시 내동면 유수리,1,17.2,경상남도
879,128.1066,35.135,경상남도 진주시 정촌면 화개리,1,40.9,경상남도
880,128.2066,35.135,경상남도 진주시 금곡면 송곡리,1,53.8,경상남도
883,128.5066,35.135,경상남도 창원시 마산합포구 진동면 인곡리,1,179.1,경상남도
884,128.7066,35.135,경상남도 창원시 진해구 풍호동,1,20.7,경상남도
885,128.8066,35.135,경상남도 창원시 진해구 두동,1,165.1,경상남도
887,129.0067,35.135,부산광역시 서구 서대신동3가,1,238.6,부산광역시
888,129.1067,35.135,부산광역시 남구 대연동,1,6.5,부산광역시
889,126.4063,35.035,전라남도 무안군 현경면 송정리,1,0,전라남도
890,126.5063,35.035,전라남도 함평군 엄다면 성천리,1,23.2,전라남도
893,126.8064,35.035,전라남도 나주시 산포면 매성리,1,17.8,전라남도
894,126.9064,35.035,전라남도 화순군 도곡면 원화리,1,48.4,전라남도
895,127.0064,35.035,전라남도 화순군 화순읍 다지리,1,153.7,전라남도
897,127.2064,35.035,전라남도 순천시 송광면 삼청리,1,267.7,전라남도
898,127.3064,35.035,전라남도 순천시 주암면 행정리,1,241.7,전라남도
899,127.4065,35.035,전라남도 순천시 서면 대구리,1,324.4,전라남도
900,127.5065,35.035,전라남도 순천시 서면 판교리,1,234.5,전라남도
903,127.8065,35.035,경상남도 하동군 고전면 성천리,1,184.3,경상남도
904,127.9065,35.035,경상남도 하동군 진교면 송원리,1,49.8,경상남도
905,128.1066,35.035,경상남도 사천시 사남면 우천리,1,225.3,경상남도
907,128.3066,35.035,경상남도 고성군 대가면 척정리,1,63.6,경상남도
908,128.4066,35.035,경상남도 고성군 동해면 장기리,1,158.1,경상남도
909,128.7066,35.035,경상남도 거제시 장목면 유호리,1,0,경상남도
910,126.4063,34.935,전라남도 무안군 청계면 복룡리,1,31.8,전라남도
913,126.7064,34.935,전라남도 나주시 왕곡면 신원리,1,41.3,전라남도
914,126.8064,34.935,전라남도 나주시 다도면 암정리,1,284.8,전라남도
915,126.9064,34.935,전라남도 화순군 도암면 천태리,1,101.4,전라남도
917,127.1064,34.935,전라남도 보성군 복내면 일봉리,1,246.9,전라남도
918,127.2064,34.935,전라남도 보성군 문덕면 용암리,1,198.8,전라남도
919,127.3064,34.935,전라남도 순천시 외서면 쌍율리,1,416.7,전라남도
920,127.4065,34.935,전라남도 순천시 상사면 쌍지리,1,133.1,전라남도
923,128.4066,34.935,경상남도 통영시 광도면 안정리,1,193.5,경상남도
924,128.6066,34.935,경상남도 거제시 연초면 한내리,1,146.6,경상남도
925,128.7066,34.935,경상남도 거제시 장목면 외포리,1,205.8,경상남도
927,126.5063,34.835,전라남도 무안군 일로읍 의산리,1,4.1,전라남도
928,126.6064,34.835,전라남도 영암군 도포면 원항리,1,10.5,전라남도
929,126.7064,34.835,전라남도 영암군 덕진면 백계리,1,23.7,전라남도
930,126.8064,34.835,전라남도 영암군 금정면 쌍효리,1,447.5,전라남도
933,127.1064,34.835,전라남도 보성군 미력면 미력리,1,241.5,전라남도
934,127.2064,34.835,전라남도 보성군 율어면 선암리,1,524.5,전라남도
935,127.3064,34.835,전라남도 보성군 벌교읍 칠동리,1,65.4,전라남도
937,127.7065,34.835,전라남도 여수시 적량동,1,116.3,전라남도
938,127.9065,34.835,경상남도 남해군 남해읍 남변리,1,1.8,경상남도
939,128.0065,34.835,경상남도 남해군 창선면 지족리,1,0,경상남도
940,128.6066,34.835,경상남도 거제시 동부면 산촌리,1,38.2,경상남도
943,126.6064,34.735,전라남도 영암군 서호면 화송리,1,9.5,전라남도
944,126.7064,34.735,전라남도 강진군 성전면 월하리,1,139.4,전라남도
945,126.8064,34.735,전라남도 강진군 병영면 한학리,1,116.9,전라남도
947,127.0064,34.735,전라남도 장흥군 장동면 반산리,1,327.8,전라남도
948,127.1064,34.735,전라남도 보성군 보성읍 봉산리,1,305.3,전라남도
949,127.3064,34.735,전라남도 고흥군 남양면 남양리,1,0,전라남도
950,127.4065,34.735,전라남도 고흥군 과역면 연등리,1,-1.1,전라남도
953,126.4063,34.635,전라남도 해남군 산이면 진산리,1,-2.1,전라남도
954,126.5063,34.635,전라남도 해남군 산이면 금송리,1,5.5,전라남도
955,126.6064,34.635,전라남도 해남군 계곡면 사정리,1,0,전라남도
957,126.8064,34.635,전라남도 강진군 군동면 석교리,1,5.5,전라남도
958,126.9064,34.635,전라남도 장흥군 용산면 어산리,1,106.1,전라남도
959,127.3064,34.635,전라남도 고흥군 두원면 운대리,1,83.5,전라남도
960,127.4065,34.635,전라남도 고흥군 점암면 성기리,1,67.6,전라남도
963,126.1063,34.535,전라남도 진도군 조도면 가사도리,1,0,전라남도
964,126.2063,34.535,전라남도 진도군 진도읍 수유리,1,-0.3,전라남도
965,126.3063,34.535,전라남도 진도군 군내면 둔전리,1,2.3,전라남도
967,126.6064,34.535,전라남도 해남군 삼산면 신흥리,1,47,전라남도
968,126.7064,34.535,전라남도 강진군 도암면 석문리,1,129.5,전라남도
969,126.8064,34.535,전라남도 강진군 대구면 저두리,1,102.9,전라남도
970,127.2064,34.535,전라남도 고흥군 도덕면 오마리,1,1.1,전라남도
973,126.6064,34.435,전라남도 해남군 현산면 조산리,1,59.7,전라남도
974,126.7064,34.435,전라남도 해남군 북일면 내동리,1,1,전라남도
975,126.4063,33.535,제주특별자치도 제주시 외도이동,1,-87.2,제주특별자치도
977,126.6064,33.535,제주특별자치도 제주시 조천읍 신촌리,1,16.8,제주특별자치도
978,126.7064,33.535,제주특별자치도 제주시 구좌읍 동복리,1,46.5,제주특별자치도
979,126.8064,33.535,제주특별자치도 제주시 구좌읍 한동리,1,42.8,제주특별자치도
980,126.9064,33.535,제주특별자치도 제주시 구좌읍 하도리,1,-3.5,제주특별자치도
983,126.5063,33.435,제주특별자치도 제주시 오라이동,1,424.3,제주특별자치도
984,126.6064,33.435,제주특별자치도 제주시 용강동,1,553.6,제주특별자치도
985,126.7064,33.435,제주특별자치도 제주시 조천읍 교래리,1,372.3,제주특별자치도
987,126.2063,33.335,제주특별자치도 제주시 한경면 두모리,1,41.2,제주특별자치도
988,126.3063,33.335,제주특별자치도 제주시 한림읍 금악리,1,259,제주특별자치도
989,126.4063,33.335,제주특별자치도 서귀포시 안덕면 광평리,1,628.2,제주특별자치도
990,126.5063,33.335,제주특별자치도 서귀포시 영남동,1,1179.8,제주특별자치도
993,126.7064,33.335,제주특별자치도 서귀포시 남원읍 수망리,0,190.3,제주특별자치도
994,126.8064,33.335,제주특별자치도 서귀포시 표선면 세화리,0,71.1,제주특별자치도
995,126.2063,33.235,제주특별자치도 서귀포시 대정읍 영락리,0,-2.5,제주특별자치도
996,126.3063,33.235,제주특별자치도 서귀포시 안덕면 사계리,0,15.7,제주특별자치도
997,126.4063,33.235,제주특별자치도 서귀포시 색달동,0,0,제주특별자치도
998,126.5063,33.235,제주특별자치도 서귀포시 강정동,0,13.7,제주특별자치도
999,126.6064,33.235,제주특별자치도 서귀포시 보목동,0,0,제주특별자치도
